sample_id,split,tags,reason
BDD02,example,normal;edge,Ngã tư NYC 4 đầu đèn xanh quay về ego + vỏ quay ngang + đèn đi bộ + đèn tí hon giao lộ sau — minh họa rule 5.2/5.3
LISA01,example,edge;conflict;low_visibility,Chạng vạng: mũi tên trái đỏ (other) cạnh đèn tròn đỏ (ego) — minh họa rule 5.4c và xác định màu theo vị trí ô sáng
BDD11,example,negative;critical,Chỉ có đèn đi bộ bàn tay cam — 0 box và frame=out_of_view
BDD04,example,negative,Phố không có phần cứng tín hiệu — frame=none
BDD25,calibration,ambiguity;low_visibility;small_far,Chạng vạng đường ướt; đèn xanh ở nhiều giao lộ liên tiếp — kiểm rule giao lộ đầu tiên / rule 1/3
BDD18,calibration,ambiguity;low_visibility;small_far,Ban đêm; đèn đi bộ cam + trắng và chỉ có đốm xanh xa — relevance unknown / escalate hay out_of_view
LISA30,calibration,conflict;temporal,Cùng giao lộ LISA01 sau khi đèn tròn chuyển xanh còn mũi tên vẫn đỏ — visible chứ không phải escalate
GTS02,calibration,conflict;ambiguity;edge,Đức: cột trái đèn xanh dưới biển rẽ trái; cột phải ô trên sáng (đỏ trông vàng) dưới biển rẽ phải; 3 đầu đèn trên giá ngang nhìn lưng — đèn nào của ego / có escalate không
GTS11,calibration,conflict;small_far,Đức: đầu đèn cần vươn sáng xanh + đèn nhắc lại thấp trên cột phải cũng xanh; đầu đèn cần vươn trái nhìn lưng — đếm box và rule 5.2
GTS14,calibration,edge;ambiguity,Đức: cả 3 đầu đèn (cần vươn + cột phải + trái xa) sáng ô trên màu cam-vàng — state theo vị trí ô sáng; có thể là pha đỏ+vàng của Đức
GTS24,calibration,edge;ambiguity,Đức: đầu đèn trên cao mũi tên đi thẳng xanh; cột phải có đầu đèn mũi tên xanh và ô vàng nhỏ — mũi tên thẳng có là ego không (rule 5.4c)
BDD07,blind,normal,Hai đầu đèn xanh trên cần vươn quay về ego; kèm vỏ quay ngang; hộp đèn đi bộ; bóng đèn phản chiếu trên capo
BDD26,blind,critical;edge;low_visibility;small_far,Ban đêm: đèn gần xanh điều khiển ego trong khi đèn đỏ/vàng xa ở giao lộ sau; có đèn đi bộ cam ngay dưới
BDD21,blind,critical;edge;conflict;small_far,Parkway: 1 đầu đèn xanh trên cần vươn; đèn xanh tí hon bên trái; vật đỏ sau tán cây bên kia hàng rào
BDD12,blind,critical;negative,Đèn đi bộ bàn tay đỏ-cam rõ; không có đầu đèn xe nào quay về ego — 0 box và out_of_view
