task,sample,object,difference,error_type,who_is_right,action,note
traffic_sign,00026.png,R1/B2,"Biển 30: box của mình (458,414)-(494,464) dài xuống dưới 13 px so với reference (453,411)-(492,451); IoU < 0.6 nên tool báo thành 1 thiếu + 1 thừa",geometry,reference,rework,"Mép dưới của mình ăn vào phần cột ngay dưới mặt biển. Card rule 1: box sát mặt biển, không lấy cột"
traffic_sign,00026.png,B1,"Mình box biển xanh vuông báo lối qua đường (Zeichen 350) ở (292,347)-(360,414) làm other/unknown; reference không có box này",guideline_gap,guideline_gap,add_rule,"Biển chỉ dẫn này không thuộc 43 class GTSDB nên reference bỏ qua. Card chỉ nói 'mỗi biển một khung', không nói biển ngoài taxonomy thì sao. Xem D1"
traffic_sign,00054.png,R1/B2,"Tam giác nguy hiểm phía phải: mình để sign_class=unknown, reference 27 pedestrian crossing",class,reference,rework,"Crop 400% thấy hình người đi bộ trong tam giác (biển ~35 px). Đủ lớn để đọc, mình để unknown là quá thận trọng"
traffic_sign,00054.png,R4/B4,"Biển keep right bên trái: box của mình (455,516)-(480,546) rộng hơn reference (456,520)-(476,540) khoảng 4 px mỗi cạnh",geometry,reference,rework,"Biển 20 px nên lệch 4 px là IoU tụt dưới 0.6. Biển nhỏ phải zoom ≥ 400% khi kéo cạnh"
traffic_sign,00073.png,R1/B4,"Tam giác cụm phải: mình để danger/unknown, reference 23 slippery road",class,reference,rework,"Ở ~34 px vẫn thấy hình xe và vệt trượt. Family đúng, class đọc được nếu zoom kỹ"
traffic_sign,00073.png,R5/B2,"Biển tròn cụm trái (~18 px): mình để prohibitory/unknown, reference 02 speed limit 50 (readable=uncertain)",class,guideline_gap,add_rule,"Cụm trái giống hệt cụm phải (tam giác, 50, cấm vượt) nhưng nhỏ hơn. Reference suy class từ cụm đối diện; card rule 3 cấm zoom rồi suy diễn. Xem D3"
traffic_sign,00073.png,R2/B5,"Biển 50 cụm phải: box của mình (730,458)-(758,478) lệch sang phải so với reference (727,457)-(748,477)",geometry,reference,rework,"Mình kéo mép phải tới cột đỡ phía sau biển. Không lấy cột"
traffic_sign,00088.png,R3/B1,"Biển tròn trên cùng bên trái (~24 px, sương mù): mình để prohibitory/unknown, reference 08 speed limit 120 (readable=uncertain)",class,me,keep,"Crop (412,440)-(436,464): chữ số nhoè trong sương, không phân biệt được 100/120. Card rule 3: family rõ thì chọn family, class=unknown, readable=uncertain"
traffic_sign,00088.png,R4/B3,"Biển tròn trên cùng bên phải (~24 px): mình để unknown, reference 08 speed limit 120",class,me,keep,"Cùng lý do với R3/B1; không lấy biển trái để suy ra biển phải"
